Episodio,Recompensa_Episodio,Pasos_Episodio,Pasos_Totales,Recompensa_Promedio_Movil,Metas_Alcanzadas_Episodio,Metas_Alcanzadas_Promedio_Movil,loss,policy_loss,value_loss,actor_loss,critic_loss,entropy_loss,alpha_loss,alpha,epsilon
1,-100.01,1,1,-100.01,0,0.0,,,,,,,,,
2,-100.01,1,2,-100.01,0,0.0,,,,,,,,,
3,-100.01,1,3,-100.01,0,0.0,,,,,,,,,
4,-112.95790300971495,7,10,-103.24697575242874,0,0.0,,,,,,,,,
5,-99.92012169749133,2,12,-102.58160494144127,0,0.0,,,,,,,,,
6,-99.92021430624212,2,14,-102.13803983557473,0,0.0,,,,,,,,,
7,-88.80842098859969,9,23,-100.23380857172116,0,0.0,,,,,,,,,
8,-157.6525865218693,5,28,-107.41115581548968,0,0.0,,,,,,,,,
9,-99.663761832678,4,32,-106.55033426184394,0,0.0,,,,,,,,,
10,-100.01,1,33,-105.89630083565956,0,0.0,,,,,,,,,
11,-100.01,1,34,-105.36118257787233,0,0.0,,,,,,,,,
12,-99.92071818881072,2,36,-104.90781054545052,0,0.0,,,,,,,,,
13,-100.01,1,37,-104.53105588810817,0,0.0,,,,,,,,,
14,-99.80330587289158,3,40,-104.19335945844985,0,0.0,,,,,,,,,
15,-100.01,1,41,-103.91446882788652,0,0.0,,,,,,,,,
16,-100.01,1,42,-103.67043952614361,0,0.0,,,,,,,,,
17,-99.80503279291538,3,45,-103.44306265948313,0,0.0,,,,,,,,,
18,-99.92071818881072,2,47,-103.24737685555688,0,0.0,,,,,,,,,
19,-100.01,1,48,-103.07698860000126,0,0.0,,,,,,,,,
20,-100.01,1,49,-102.92363917000121,0,0.0,,,,,,,,,
21,-100.01,1,50,-102.7848944476202,0,0.0,,,,,,,,,
22,-98.80611226838222,3,53,-102.60404071220029,0,0.0,,,,,,,,,
23,-100.01,1,54,-102.49125633340898,0,0.0,,,,,,,,,
24,-99.8082414687073,3,57,-102.37946404737973,0,0.0,,,,,,,,,
25,-100.01,1,58,-102.28468548548454,0,0.0,,,,,,,,,
26,-99.80433230017702,3,61,-102.18928728604965,0,0.0,,,,,,,,,
27,-100.01,1,62,-102.1085729421219,0,0.0,,,,,,,,,
28,-99.91957784274477,2,64,-102.03039454571557,0,0.0,,,,,,,,,
29,-100.01,1,65,-101.9607257682771,0,0.0,,,,,,,,,
30,-100.01,1,66,-101.8957015760012,0,0.0,,,,,,,,,
31,-114.45549588982273,4,70,-102.30085623128578,0,0.0,,,,,,,,,
32,-100.01,1,71,-102.22926697405806,0,0.0,,,,,,,,,
33,-100.01,1,72,-102.16201645969268,0,0.0,,,,,,,,,
34,-100.01,1,73,-102.09872185793701,0,0.0,,,,,,,,,
35,-197.29812569812734,9,82,-104.8187048247996,0,0.0,,,,,,,,,
36,-100.01,1,83,-104.68512969077739,0,0.0,,,,,,,,,
37,-99.9204137072083,2,85,-104.55635358311336,0,0.0,,,,,,,,,
38,-100.01,1,86,-104.43671269934723,0,0.0,,,,,,,,,
39,-99.90781817722997,3,89,-104.32058719878013,0,0.0,,,,,,,,,
40,-99.91978265685627,2,91,-104.21056708523199,0,0.0,,,,,,,,,
41,-100.01,1,92,-104.10811422949463,0,0.0,,,,,,,,,
42,-99.80656481537751,3,95,-104.00569638630138,0,0.0,,,,,,,,,
43,-114.96856155065139,2,97,-104.26064673896067,0,0.0,,,,,,,,,
44,-100.01,1,98,-104.16404113125704,0,0.0,,,,,,,,,
45,-95.72388533208881,10,108,-103.97648211349774,0,0.0,,,,,,,,,
46,-99.80855834960148,3,111,-103.88587507515216,0,0.0,,,,,,,,,
47,-99.91819443511108,2,113,-103.80145633813001,0,0.0,,,,,,,,,
48,-114.6595768344656,5,118,-104.02766718180366,0,0.0,,,,,,,,,
49,-99.85471322938089,3,121,-103.942504856244,0,0.0,,,,,,,,,
50,-92.51000824853779,8,129,-103.71385492408989,0,0.0,,,,,,,,,
51,-113.63100415485309,6,135,-103.90830883057544,0,0.0,,,,,,,,,
52,-100.01,1,136,-103.83334135306437,0,0.0,,,,,,,,,
53,-99.80188432784612,3,139,-103.75727612617347,0,0.0,,,,,,,,,
54,-97.06397286518325,4,143,-103.63332606578476,0,0.0,,,,,,,,,
55,-100.01,1,144,-103.56744741004321,0,0.0,,,,,,,,,
56,-99.80350259569688,3,147,-103.50023410978703,0,0.0,,,,,,,,,
57,-99.9204137072083,2,149,-103.43743024307513,0,0.0,,,,,,,,,
58,-114.79483648972526,2,151,-103.6332475921553,0,0.0,,,,,,,,,
59,-99.91815875570708,2,153,-103.57027998475787,0,0.0,,,,,,,,,
60,-100.01,1,154,-103.51094198501191,0,0.0,,,,,,,,,
61,-113.19793734383602,6,160,-103.66974518761559,0,0.0,,,,,,,,,
62,-99.67078604549293,4,164,-103.60524584661361,0,0.0,,,,,,,,,
63,-100.01,1,165,-103.54817845222291,0,0.0,,,,,,,,,
64,-100.01,1,166,-103.49289441390692,0,0.0,,,,,,,,,
65,-98.48785053060642,4,170,-103.41589373877922,0,0.0,,,,,,,,,
66,-99.74460716602319,2,172,-103.36026818464656,0,0.0,,,,,,,,,
67,-113.53513482650374,3,175,-103.51213186586831,0,0.0,,,,,,,,,
68,-99.91945862998166,2,177,-103.4592984359288,0,0.0,,,,,,,,,
69,-100.01,1,178,-103.40930860352404,0,0.0,,,,,,,,,
70,-99.74409311436374,2,180,-103.35694838225032,0,0.0,,,,,,,,,
71,-99.91945862998166,2,182,-103.30853303362682,0,0.0,,,,,,,,,
72,-114.51189722440783,5,187,-103.46413531405432,0,0.0,,,,,,,,,
73,-100.01,1,188,-103.41681839194399,0,0.0,,,,,,,,,
74,-129.12716878783687,5,193,-103.76425555945606,0,0.0,,,,,,,,,
75,-100.01,1,194,-103.71419881866332,0,0.0,,,,,,,,,
76,-99.9198473618082,2,196,-103.66427314159944,0,0.0,,,,,,,,,
77,-100.01,1,197,-103.6168150488514,0,0.0,,,,,,,,,
78,-114.63003592467918,3,200,-103.75801018828507,0,0.0,,,,,,,,,
79,-100.01,1,201,-103.71056702134474,0,0.0,,,,,,,,,
80,-99.91819443511108,2,203,-103.66316236401683,0,0.0,,,,,,,,,
81,-99.91886937144861,2,205,-103.6169365246024,0,0.0,,,,,,,,,
82,-100.01,1,206,-103.57294949381456,0,0.0,,,,,,,,,
83,-129.11224259260516,5,211,-103.88065182030603,0,0.0,,,,,,,,,
84,-99.85359601034098,3,214,-103.83271067971121,0,0.0,,,,,,,,,
85,-99.81073373663516,3,217,-103.78539330391031,0,0.0,,,,,,,,,
86,-99.7452953690884,2,219,-103.73841542094726,0,0.0,,,,,,,,,
87,-98.27186745647208,5,224,-103.67558153629811,0,0.0,,,,,,,,,
88,-99.51447969513015,5,229,-103.62829628810302,0,0.0,,,,,,,,,
89,-100.01,1,230,-103.58764127362996,0,0.0,,,,,,,,,
90,-100.01,1,231,-103.54788970392296,0,0.0,,,,,,,,,
91,-129.1283952527482,5,236,-103.82899416050346,0,0.0,,,,,,,,,
92,-100.01,1,237,-103.78748335441104,0,0.0,,,,,,,,,
93,-99.91886937144861,2,239,-103.74588535459422,0,0.0,,,,,,,,,
94,-100.01,1,240,-103.70614189337513,0,0.0,,,,,,,,,
95,-99.80582600537153,3,243,-103.66508593665931,0,0.0,,,,,,,,,
96,-100.01,1,244,-103.62701212481913,0,0.0,,,,,,,,,
97,-99.66983610866488,4,248,-103.58621649578662,0,0.0,,,,,,,,,
98,-109.47503081398833,7,255,-103.64630643780909,0,0.0,,,,,,,,,
99,-100.01,1,256,-103.6095760697504,0,0.0,,,,,,,,,
100,-100.01,1,257,-103.5735803090529,0,0.0,,,,,,,,,
101,-100.01,1,258,-103.5735803090529,0,0.0,,,,,,,,,
102,-97.78136930390832,4,262,-103.55129400209196,0,0.0,,,,,,,,,
103,-100.01,1,263,-103.55129400209198,0,0.0,,,,,,,,,
104,-142.06648979005894,4,267,-103.84237986989541,0,0.0,,,,,,,,,
105,-100.01,1,268,-103.84327865292049,0,0.0,,,,,,,,,
106,-100.01,1,269,-103.84417650985807,0,0.0,,,,,,,,,
107,-99.7450936991642,2,271,-103.95354323696374,0,0.0,,,,,,,,,
108,-141.89939481476915,8,279,-103.79601131989271,0,0.0,,,,,,,,,
109,-292.41709769686975,11,290,-105.72354467853464,0,0.0,,,,,,,,,
110,-99.80315601365595,3,293,-105.72147623867117,0,0.0,,,,,,,,,
111,-155.92171755664214,8,301,-106.28059341423761,0,0.0,,,,,,,,,
112,-213.19957075242797,11,312,-107.41338193987377,0,0.0,,,,,,,,,
113,4.573670353538503,116,428,-106.36754523633839,1,0.01,,,,,,,,,
114,-197.9209311436373,8,436,-107.34872148904586,0,0.01,,,,,,,,,
115,-7.823014024383312,31,467,-106.42685162928969,0,0.01,,,,,,,,,
116,-187.3335039211267,20,487,-107.30008666850097,0,0.01,,,,,,,,,
117,-2770.401960128174,255,742,-134.00605594185356,0,0.01,,,,,,,,,
118,-845.4836255079925,395,1137,-141.46168501504536,2,0.03,,,,,,,,,
119,-2932.6911809308967,2000,3137,-169.78849682435438,6,0.09,,,,,,,,,
120,-356.4052548336055,48,3185,-172.3524493726904,1,0.1,,,,,,,,,
121,893.2463704893293,183,3368,-162.41988566779708,3,0.13,,,,,,,,,
122,-1104.196864686957,150,3518,-172.47379319198285,2,0.15,,,,,,,,,
123,-910.0061378582441,116,3634,-180.57375457056526,2,0.17,,,,,,,,,
124,-411.6201439305462,110,3744,-183.69187359518367,1,0.18,,,,,,,,,
125,-661.9810486327466,122,3866,-189.31158408151114,2,0.2,,,,,,,,,
126,120.87634667180431,84,3950,-187.10477729179135,0,0.2,,,,,,,,,
127,-1094.6214209219013,109,4059,-197.05089150101034,1,0.21,,,,,,,,,
128,184.27774541026542,26,4085,-194.20891826848023,1,0.22,,,,,,,,,
129,117.28044268525163,31,4116,-192.0360138416277,1,0.23,,,,,,,,,
130,208.62055297819978,64,4180,-188.9497083118457,1,0.24,,,,,,,,,
131,-366.58597154823985,30,4210,-191.4710130684299,0,0.24,,,,,,,,,
132,461.938927180474,130,4340,-185.85152379662514,5,0.29,,,,,,,,,
133,44.21439476121974,102,4442,-184.40927984901296,3,0.32,,,,,,,,,
134,-882.0909383730396,66,4508,-192.23008923274335,0,0.32,,,,,,,,,
135,-247.4186839245927,12,4520,-192.73129481500797,0,0.32,,,,,,,,,
136,-114.79528253074061,2,4522,-192.87914764031538,0,0.32,,,,,,,,,
137,27.459269476227064,51,4573,-191.60535080848106,0,0.32,,,,,,,,,
138,-100.01,1,4574,-191.605350808481,0,0.32,,,,,,,,,
139,113.22221614734399,63,4637,-189.4740504652353,2,0.34,,,,,,,,,
140,-585.6208226150193,63,4700,-194.33106086481695,0,0.34,,,,,,,,,
141,458.4445135847077,89,4789,-188.74651572896985,1,0.35,,,,,,,,,
142,197.02925820849424,45,4834,-185.77815749873113,1,0.36,,,,,,,,,
143,-54.00895661758333,28,4862,-185.16856144940047,0,0.36,,,,,,,,,
144,319.81662298504693,26,4888,-180.97029521955002,2,0.38,,,,,,,,,
145,96.23283468444326,132,5020,-179.0507280193847,0,0.38,,,,,,,,,
146,22.173722035532435,31,5051,-177.83090521553333,0,0.38,,,,,,,,,
147,-23.52772467132027,48,5099,-177.06700051789542,1,0.39,,,,,,,,,
148,-3535.5716114903767,556,5655,-211.27612086445458,3,0.42,,,,,,,,,
149,-803.2854888771675,79,5734,-218.31042862093244,0,0.42,,,,,,,,,
150,-185.4814943351434,28,5762,-219.24014348179847,0,0.42,,,,,,,,,
151,-53.050029708366615,12,5774,-218.63433373733366,0,0.42,,,,,,,,,
152,248.3439954763067,31,5805,-215.15079378257062,1,0.43,,,,,,,,,
153,113.80748185790877,61,5866,-213.01470012071303,0,0.43,,,,,,,,,
154,354.07547500986453,22,5888,-208.50330564196256,2,0.45,,,,,,,,,
155,329.7123392659719,36,5924,-204.20608224930285,3,0.48,,,,,,,,,
156,28.071074616947797,20,5944,-202.92733647717642,1,0.49,,,,,,,,,
157,147.66145669627383,79,6023,-200.45151777314157,1,0.5,,,,,,,,,
158,429.51197930623175,33,6056,-195.008449615182,3,0.53,,,,,,,,,
159,-5244.987067242059,536,6592,-246.4591387000455,1,0.54,,,,,,,,,
160,339.79794604548687,42,6634,-242.0610592395906,1,0.55,,,,,,,,,
161,-660.837472695022,48,6682,-247.53745459310244,0,0.55,,,,,,,,,
162,489.83433785482373,111,6793,-241.6424033540993,1,0.56,,,,,,,,,
163,107.29088730754269,36,6829,-239.56939448102383,0,0.56,,,,,,,,,
164,439.5024580934561,116,6945,-234.17426990008934,2,0.58,,,,,,,,,
165,-685.1604449657307,67,7012,-240.04099584444063,0,0.58,,,,,,,,,
166,393.9246045504882,62,7074,-235.10430372727546,2,0.6,,,,,,,,,
167,528.0798283965775,88,7162,-228.68815409504467,1,0.61,,,,,,,,,
168,240.94813083639627,31,7193,-225.27947820038088,0,0.61,,,,,,,,,
169,99.63354948878172,74,7267,-223.28304270549302,0,0.61,,,,,,,,,
170,127.5193028893098,28,7295,-221.0104087454563,1,0.62,,,,,,,,,
171,-493.1236811103604,84,7379,-224.9424509702601,2,0.64,,,,,,,,,
172,98.98242678088077,23,7402,-222.80750773020722,0,0.64,,,,,,,,,
173,-62.28512182525576,32,7434,-222.43025894845977,1,0.65,,,,,,,,,
174,-20.367815553840686,40,7474,-221.34266541611981,1,0.66,,,,,,,,,
175,-1100.045173404624,102,7576,-231.34301715016608,0,0.66,,,,,,,,,
176,-252.29768708668496,21,7597,-232.8667955474148,0,0.66,,,,,,,,,
177,-15.401476113399482,24,7621,-232.02071030854876,0,0.66,,,,,,,,,
178,241.0535453483805,23,7644,-228.46387449581823,1,0.67,,,,,,,,,
179,-236.3186733240728,14,7658,-229.8269612290589,0,0.67,,,,,,,,,
180,259.9730412124381,32,7690,-226.22804887258343,1,0.68,,,,,,,,,
181,-549.5412083791182,93,7783,-230.72427226266015,1,0.69,,,,,,,,,
182,-215.41554850994754,44,7827,-231.8783277477596,1,0.7,,,,,,,,,
183,-213.19545816007462,10,7837,-232.71915990343427,0,0.7,,,,,,,,,
184,58.550602168770965,26,7863,-231.13511792164314,0,0.7,,,,,,,,,
185,-33.387407014747936,34,7897,-230.47088465442422,1,0.71,,,,,,,,,
186,643.3694245490716,78,7975,-223.0397374552426,1,0.72,,,,,,,,,
187,216.59120894894136,30,8005,-219.8911066911885,1,0.73,,,,,,,,,
188,-5392.473347646699,892,8897,-272.8206953707042,4,0.77,,,,,,,,,
189,-198.55050347302242,11,8908,-273.8061004054344,0,0.77,,,,,,,,,
190,158.00940715848776,38,8946,-271.2259063338496,2,0.79,,,,,,,,,
191,-15.36336449813912,18,8964,-270.08825602630355,0,0.79,,,,,,,,,
192,-155.84083515874966,50,9014,-270.646564377891,0,0.79,,,,,,,,,
193,-23.06644054319362,25,9039,-269.8780400896084,0,0.79,,,,,,,,,
194,-247.34187858704382,29,9068,-271.35135887547887,0,0.79,,,,,,,,,
195,-235.5342942106534,24,9092,-272.7086435575317,0,0.79,,,,,,,,,
196,-31.24703272164045,15,9107,-272.0210138847481,1,0.8,,,,,,,,,
197,141.36869393297974,29,9136,-269.61062858433166,0,0.8,,,,,,,,,
198,837.8204042264687,42,9178,-260.1376742339271,2,0.82,,,,,,,,,
199,316.619455277349,26,9204,-255.9713796811536,1,0.83,,,,,,,,,
200,191.1817894386877,41,9245,-253.0594617867667,1,0.84,,,,,,,,,
201,-100.01,1,9246,-253.05946178676666,0,0.84,,,,,,,,,
202,-100.01,1,9247,-253.08174809372758,0,0.84,,,,,,,,,
203,-107.09177314780703,25,9272,-253.1525658252057,1,0.85,,,,,,,,,
204,17.646332203875474,31,9303,-251.55543760526632,0,0.85,,,,,,,,,
205,-401.05973217104565,39,9342,-254.56593492697678,0,0.85,,,,,,,,,
206,-263.35783055581334,23,9365,-256.19941323253494,0,0.85,,,,,,,,,
207,417.9281353987102,27,9392,-251.02268094155625,2,0.87,,,,,,,,,
208,188.7229846000369,21,9413,-247.71645714740814,1,0.88,,,,,,,,,
209,-40.9827993043069,29,9442,-245.20211416348252,1,0.89,,,,,,,,,
210,35.68335917196329,22,9464,-243.84724901162633,0,0.89,,,,,,,,,
211,-100.01,1,9465,-243.28813183605988,0,0.89,,,,,,,,,
212,-53.38975369937744,17,9482,-241.6900336655294,1,0.9,,,,,,,,,
213,-33.31495043206006,15,9497,-242.0689198733854,0,0.89,,,,,,,,,
214,-131.17574373294335,21,9518,-241.40146799927845,0,0.89,,,,,,,,,
215,-106.46300615864854,21,9539,-242.38786792062106,1,0.9,,,,,,,,,
216,48.31783844730542,22,9561,-240.03135449693676,0,0.9,,,,,,,,,
217,-76.17554223547457,11,9572,-213.08909031800977,0,0.9,,,,,,,,,
218,90.4397764273301,23,9595,-203.72985629865656,2,0.9,,,,,,,,,
219,-100.01,1,9596,-175.40304448934756,0,0.84,,,,,,,,,
220,-100.01,1,9597,-172.83909194101153,0,0.83,,,,,,,,,
221,32.40692416956328,20,9617,-181.4474864042092,0,0.8,,,,,,,,,
222,-100.01,1,9618,-171.4056177573396,0,0.78,,,,,,,,,
223,1229.6110234479177,40,9658,-150.009446144278,5,0.81,,,,,,,,,
224,-228.97712657134207,14,9672,-148.18301597068597,0,0.8,,,,,,,,,
225,-241.1857806848608,28,9700,-143.9750632912071,0,0.78,,,,,,,,,
226,-100.01,1,9701,-146.18392675792515,0,0.78,,,,,,,,,
227,557.3610783156528,37,9738,-129.66410176554962,1,0.78,,,,,,,,,
228,16.554108539267077,16,9754,-131.3413381342596,1,0.78,,,,,,,,,
229,-50.911327092937995,32,9786,-133.0232558320415,0,0.77,,,,,,,,,
230,-100.01,1,9787,-136.1095613618235,0,0.76,,,,,,,,,
231,-100.01,1,9788,-133.44380164634111,0,0.76,,,,,,,,,
232,-20.969127223193297,17,9805,-138.27288219037777,0,0.71,,,,,,,,,
233,271.7178935809311,31,9836,-135.99784720218065,1,0.69,,,,,,,,,
234,18.31166969369538,37,9873,-126.9938211215133,0,0.69,,,,,,,,,
235,-142.38455868618237,4,9877,-125.9434798691292,0,0.69,,,,,,,,,
236,138.11340034933932,29,9906,-123.41439304032839,2,0.71,,,,,,,,,
237,-26.97528221069659,41,9947,-123.95873855719763,0,0.71,,,,,,,,,
238,-100.01,1,9948,-123.95873855719765,0,0.71,,,,,,,,,
239,354.7995622967017,38,9986,-121.54296509570408,1,0.7,,,,,,,,,
240,-178.83353560480083,33,10019,-117.47509222560191,0,0.7,,,,,,,,,
241,-66.72046372001583,17,10036,-122.72674199864916,0,0.69,,,,,,,,,
242,-100.01,1,10037,-125.69713458073409,0,0.68,,,,,,,,,
243,-236.07137316529736,18,10055,-127.51775874621121,0,0.68,,,,,,,,,
244,-242.24115767458852,19,10074,-133.13833655280757,0,0.66,,,,,,,,,
245,-8.621745578222189,24,10098,-134.18688235543425,0,0.66,,,,,,,,,
246,-57.81021616575341,36,10134,-134.98672173744708,0,0.66,,,,,,,,,
247,-110.71909608301469,7,10141,-135.85863545156403,0,0.65,,,,,,,,,
248,687.6862821299095,55,10196,-93.62605651536116,3,0.65,,,,,,,,,
249,13.644820773512066,24,10220,-85.45675341885436,0,0.65,,,,,,,,,
250,-154.30514231899457,8,10228,-85.1449898986929,0,0.65,,,,,,,,,
251,192.86652369217137,20,10248,-82.68582436468752,1,0.66,,,,,,,,,
252,-10843.85117840194,1100,11348,-193.60777610346997,1,0.66,,,,,,,,,
253,73.8421694441867,23,11371,-194.00742922760722,0,0.66,,,,,,,,,
254,361.27850831896825,26,11397,-193.9353988945162,3,0.67,,,,,,,,,
255,-222.57308686230286,10,11407,-199.45825315579893,0,0.64,,,,,,,,,
256,78.28434591082497,26,11433,-198.95612044286017,0,0.63,,,,,,,,,
257,-81.918302034866,10,11443,-201.25191803017154,0,0.62,,,,,,,,,
258,33.12467482617437,20,11463,-205.2157910749721,0,0.59,,,,,,,,,
259,-65.49077733464216,17,11480,-153.42082817589792,1,0.59,,,,,,,,,
260,414.31455553294404,41,11521,-152.67566208102332,2,0.6,,,,,,,,,
261,-109.35582041651662,26,11547,-147.1608455582383,0,0.6,,,,,,,,,
262,-874.3164923800457,76,11623,-160.80235386058698,0,0.59,,,,,,,,,
263,238.7796103460497,38,11661,-159.4874666302019,1,0.6,,,,,,,,,
264,-182.20689080949938,28,11689,-165.70456011923147,0,0.58,,,,,,,,,
265,-100.01,1,11690,-159.85305566957416,0,0.58,,,,,,,,,
266,283.4957617565471,32,11722,-160.95734409751358,1,0.57,,,,,,,,,
267,-222.23922661985242,11,11733,-168.4605346476778,0,0.56,,,,,,,,,
268,426.50291600959724,38,11771,-166.60498679594582,1,0.57,,,,,,,,,
269,-100.01,1,11772,-168.60142229083365,0,0.57,,,,,,,,,
270,-25.85485268698443,27,11799,-170.13516384659658,0,0.56,,,,,,,,,
271,669.6566166285094,43,11842,-158.5073608692079,1,0.55,,,,,,,,,
272,-3.977687086684938,24,11866,-159.53696200788355,0,0.55,,,,,,,,,
273,-581.6298796666806,72,11938,-164.73040958629784,0,0.54,,,,,,,,,
274,24.34920872721797,59,11997,-164.28323934348722,0,0.53,,,,,,,,,
275,-242.23877576632543,20,12017,-155.7051753671043,0,0.53,,,,,,,,,
276,-178.10114059130203,25,12042,-154.96320990215042,0,0.53,,,,,,,,,
277,234.20196169153587,23,12065,-152.46717552410107,1,0.54,,,,,,,,,
278,-114.79484594938032,2,12067,-156.02565943707867,0,0.53,,,,,,,,,
279,-207.140719022788,18,12085,-155.73387989406584,0,0.53,,,,,,,,,
280,-830.6872039073183,82,12167,-166.64048234526342,0,0.52,,,,,,,,,
281,-69.01036402068539,40,12207,-161.83517390167907,0,0.51,,,,,,,,,
282,-224.1775864733559,12,12219,-161.92279428131317,0,0.5,,,,,,,,,
283,-45.296908891231034,17,12236,-160.24380878862473,0,0.5,,,,,,,,,
284,564.3452895444905,43,12279,-155.18586191486753,2,0.52,,,,,,,,,
285,93.12028073402412,107,12386,-153.92078503737983,2,0.53,,,,,,,,,
286,-100.01,1,12387,-161.35457928287056,0,0.52,,,,,,,,,
287,-334.51704852489445,46,12433,-166.86566185760893,1,0.52,,,,,,,,,
288,76.7088226478429,23,12456,-112.17384015466348,0,0.48,,,,,,,,,
289,49.424374463532885,23,12479,-109.69409137529792,1,0.49,,,,,,,,,
290,-100.01,1,12480,-112.2742854468828,0,0.47,,,,,,,,,
291,242.98270179699074,16,12496,-109.69082478393149,1,0.48,,,,,,,,,
292,-155.7161118133381,7,12503,-109.68957755047737,0,0.48,,,,,,,,,
293,4.261040085174258,19,12522,-109.41630274419371,0,0.48,,,,,,,,,
294,-15.216570056234147,17,12539,-107.0950496588856,0,0.48,,,,,,,,,
295,-823.768175632915,86,12625,-112.97738847310823,1,0.49,,,,,,,,,
296,-241.66972715091902,15,12640,-115.08161541740101,0,0.48,,,,,,,,,
297,260.11809431309104,43,12683,-113.89412141359986,1,0.49,,,,,,,,,
298,88.87286854645525,24,12707,-121.3835967704,0,0.47,,,,,,,,,
299,16.044820773512058,24,12731,-124.38934311543836,0,0.46,,,,,,,,,
300,-197.52419014636774,19,12750,-128.27640291128893,0,0.45,,,,,,,,,
301,-90.06289586427006,28,12778,-128.17693186993162,1,0.46,,,,,,,,,
302,516.4185361474847,43,12821,-122.0126465084568,2,0.48,,,,,,,,,
303,-55.888442323526725,25,12846,-121.50061320021398,1,0.48,,,,,,,,,
304,-253.41518578469987,20,12866,-124.21122838009973,0,0.48,,,,,,,,,
305,-251.5471647783811,13,12879,-122.71610270617312,0,0.48,,,,,,,,,
306,-229.12101314779778,20,12899,-122.37373453209295,0,0.48,,,,,,,,,
307,-211.16464146468266,11,12910,-128.66466230072686,0,0.46,,,,,,,,,
308,-100.01,1,12911,-131.55199214672723,0,0.45,,,,,,,,,
309,-100.01,1,12912,-132.14226415368418,0,0.44,,,,,,,,,
310,-226.7991773909372,27,12939,-134.76708951931317,0,0.44,,,,,,,,,
311,436.5687628580604,42,12981,-129.40130189073258,0,0.44,,,,,,,,,
312,-719.672478680989,41,13022,-136.0641291405487,0,0.43,,,,,,,,,
313,485.6087638916903,26,13048,-130.87489199731118,2,0.45,,,,,,,,,
314,-209.28850800331122,35,13083,-131.65601964001485,0,0.45,,,,,,,,,
315,54.00097971352319,21,13104,-130.05137978129312,0,0.44,,,,,,,,,
316,-218.45377309055112,21,13125,-132.71909589667172,0,0.44,,,,,,,,,
317,-100.01,1,13126,-132.95744047431697,0,0.44,,,,,,,,,
318,-241.32543061003975,26,13152,-136.27509254469066,0,0.42,,,,,,,,,
319,-114.97488771418418,19,13171,-136.42474142183246,0,0.42,,,,,,,,,
320,-249.0279477735292,24,13195,-137.91492089956782,0,0.42,,,,,,,,,
321,-18505.76657936641,2000,15195,-323.2966559349275,2,0.44,,,,,,,,,
322,-163.16483983308962,18,15213,-323.92820433325846,0,0.44,,,,,,,,,
323,481.6019995278464,37,15250,-331.40829457245906,1,0.4,,,,,,,,,
324,-54.57175541376316,59,15309,-329.6642408608833,0,0.4,,,,,,,,,
325,241.425404143572,43,15352,-324.838129012599,1,0.41,,,,,,,,,
326,436.5501328297029,38,15390,-319.472527684302,1,0.42,,,,,,,,,
327,-85.65890340222185,24,15414,-325.90272750148074,0,0.41,,,,,,,,,
328,-35.58604581824922,39,15453,-326.4241290450559,0,0.4,,,,,,,,,
329,-248.22382160655314,25,15478,-328.3972539901921,0,0.4,,,,,,,,,
330,821.8593869461383,42,15520,-319.1785601207307,3,0.43,,,,,,,,,
331,278.02487131202315,40,15560,-315.39821140761046,0,0.43,,,,,,,,,
332,37.59403143272648,30,15590,-314.8125798210512,0,0.43,,,,,,,,,
333,-100.01,1,15591,-318.5298587568605,0,0.42,,,,,,,,,
334,-521.5808716577864,53,15644,-323.9287841703753,0,0.42,,,,,,,,,
335,829.3111083255404,72,15716,-314.2118275002581,2,0.44,,,,,,,,,
336,341.20406547876195,43,15759,-312.18092084896386,1,0.43,,,,,,,,,
337,-100.01,1,15760,-312.9112680268569,0,0.43,,,,,,,,,
338,123.73939343349402,31,15791,-310.67377409252197,1,0.44,,,,,,,,,
339,175.62839196388,31,15822,-312.46548579585016,0,0.43,,,,,,,,,
340,17.04227785469638,19,15841,-310.5067276612552,0,0.43,,,,,,,,,
341,32.40692416956328,20,15861,-309.51545378235943,0,0.43,,,,,,,,,
342,-179.63529217343108,34,15895,-310.31170670409375,0,0.43,,,,,,,,,
343,-245.96931383374437,25,15920,-310.4106861107782,0,0.43,,,,,,,,,
344,-96.72816076722545,20,15940,-308.9555561417046,1,0.44,,,,,,,,,
345,-100.01,1,15941,-309.8694386859224,0,0.44,,,,,,,,,
346,-40.63062099840082,26,15967,-309.6976427342488,1,0.45,,,,,,,,,
347,-95.66767646575263,7,15974,-309.54712853807615,0,0.45,,,,,,,,,
348,-136.14383672477663,18,15992,-317.785429726623,0,0.42,,,,,,,,,
349,-95.71636619899422,7,15999,-318.8790415963481,0,0.42,,,,,,,,,
350,-76.8900546572908,13,16012,-318.1048907197311,0,0.42,,,,,,,,,
351,117.97174642816206,58,16070,-318.85383849237115,3,0.44,,,,,,,,,
352,-319.7299946472695,28,16098,-213.61262665482454,0,0.43,,,,,,,,,
353,-213.99992204889128,14,16112,-216.49104756975532,0,0.43,,,,,,,,,
354,407.36315772642536,33,16145,-216.03020107568074,1,0.41,,,,,,,,,
355,216.56380045418865,21,16166,-211.6388322025158,1,0.42,,,,,,,,,
356,-53.36129508777654,22,16188,-212.95528861250182,1,0.43,,,,,,,,,
357,-213.19545816007462,10,16198,-214.26806017375392,0,0.43,,,,,,,,,
358,674.9105312224393,52,16250,-207.85020160979127,1,0.44,,,,,,,,,
359,-242.4336666118631,21,16271,-209.61963050256338,0,0.43,,,,,,,,,
360,171.41387167714765,44,16315,-212.0486373411214,2,0.43,,,,,,,,,
361,-19941.71876317653,2000,18315,-410.37226676872154,0,0.43,,,,,,,,,
362,287.18777129554246,59,18374,-398.7572241319657,0,0.43,,,,,,,,,
363,659.3879862390303,47,18421,-394.5511403730358,1,0.43,,,,,,,,,
364,-39.03875917138592,30,18451,-393.11945905665476,1,0.44,,,,,,,,,
365,-495.54712790973844,49,18500,-397.0748303357522,0,0.44,,,,,,,,,
366,-70.91537116374559,22,18522,-400.61894166495506,1,0.44,,,,,,,,,
367,51.324612601953746,43,18565,-397.883303272737,1,0.45,,,,,,,,,
368,-236.48274254661146,19,18584,-404.5131598582991,0,0.44,,,,,,,,,
369,32.61864444706141,31,18615,-403.1868734138285,0,0.44,,,,,,,,,
370,-73.86988751381155,10,18625,-403.66702376209673,0,0.44,,,,,,,,,
371,-773.8410248710319,95,18720,-418.1020001770922,1,0.44,,,,,,,,,
372,-206.8693970871778,9,18729,-420.1309172770971,0,0.44,,,,,,,,,
373,116.25863279119294,56,18785,-413.1520321525183,2,0.46,,,,,,,,,
374,-578.4950732708757,54,18839,-419.1804749724992,0,0.46,,,,,,,,,
375,-37.44941190356199,80,18919,-417.13258133387154,1,0.47,,,,,,,,,
376,-14616.914571474434,2000,20919,-561.5207156427028,9,0.56,,,,,,,,,
377,78.783042338018,23,20942,-563.074904836238,0,0.55,,,,,,,,,
378,186.21170324151643,23,20965,-560.0648393443291,1,0.56,,,,,,,,,
379,-231.42992567980042,12,20977,-560.3077314108994,0,0.56,,,,,,,,,
380,383.9094717493123,21,20998,-548.161764654333,2,0.58,,,,,,,,,
381,-130.26404018362857,21,21019,-548.7743014159624,0,0.58,,,,,,,,,
382,-100.01,1,21020,-547.532625551229,0,0.58,,,,,,,,,
383,-175.68996605570254,21,21041,-548.8365561228736,0,0.58,,,,,,,,,
384,561.937607875519,77,21118,-548.8606329395634,2,0.58,,,,,,,,,
385,-19.04849307628639,33,21151,-549.9823206776665,1,0.57,,,,,,,,,
386,107.87323968983812,27,21178,-547.9034882807681,2,0.59,,,,,,,,,
387,480.23002117557724,35,21213,-539.7560175837633,1,0.59,,,,,,,,,
388,-236.68089362896268,22,21235,-542.8899147465313,0,0.59,,,,,,,,,
389,83.9394818273242,35,21270,-542.5447636728934,0,0.58,,,,,,,,,
390,26.928833566604084,22,21292,-541.2753753372273,0,0.58,,,,,,,,,
391,229.31721487512402,66,21358,-541.412030206446,2,0.59,,,,,,,,,
392,-100.01,1,21359,-540.8549690883126,0,0.59,,,,,,,,,
393,-113.08401136490033,67,21426,-542.0284196028134,0,0.59,,,,,,,,,
394,19.098103524785287,40,21466,-541.6852728670033,1,0.6,,,,,,,,,
395,1075.7060343108699,63,21529,-522.6905307675655,3,0.62,,,,,,,,,
396,-254.66907025431715,14,21543,-522.8205241985994,0,0.62,,,,,,,,,
397,534.91778381687,42,21585,-520.0725273035617,3,0.64,,,,,,,,,
398,312.85818119699763,67,21652,-517.8326741770562,2,0.66,,,,,,,,,
399,-253.49129376636807,21,21673,-520.528035322455,0,0.66,,,,,,,,,
400,-13772.435061570817,1496,23169,-656.2771440366995,0,0.66,,,,,,,,,
401,-100.01,1,23170,-656.3766150780568,0,0.65,,,,,,,,,
402,-62.31474717991699,13,23183,-662.1639479113308,0,0.63,,,,,,,,,
403,619.570768382059,41,23224,-655.4093558042748,1,0.63,,,,,,,,,
404,-70.93824907919097,25,23249,-653.5845864372197,0,0.63,,,,,,,,,
405,280.3880850350191,50,23299,-648.2652339390858,2,0.65,,,,,,,,,
406,-41.8567092728575,28,23327,-646.3925909003365,1,0.66,,,,,,,,,
407,461.66453386951173,35,23362,-639.6642991469944,1,0.67,,,,,,,,,
408,219.9513925435205,30,23392,-636.4646852215593,0,0.67,,,,,,,,,
409,869.2347358845637,65,23457,-626.7722378627135,4,0.71,,,,,,,,,
410,-248.11483654298638,17,23474,-626.9853944542341,0,0.71,,,,,,,,,
411,29.90381809251933,24,23498,-631.0520439018893,0,0.71,,,,,,,,,
412,112.3206021954288,49,23547,-622.7321130931253,1,0.72,,,,,,,,,
413,-263.3952250755548,23,23570,-630.2221529827978,0,0.7,,,,,,,,,
414,608.7909277870822,41,23611,-622.0413586248939,2,0.72,,,,,,,,,
415,0.8846725044557644,36,23647,-622.5725216969845,1,0.73,,,,,,,,,
416,-241.23041715695854,17,23664,-622.8002881376486,0,0.73,,,,,,,,,
417,259.6203245826209,24,23688,-619.2039848918223,1,0.74,,,,,,,,,
418,-100.01,1,23689,-617.7908305857221,0,0.74,,,,,,,,,
419,371.55339090528855,90,23779,-612.9255477995273,1,0.75,,,,,,,,,
420,-206.75819719396532,13,23792,-612.5028502937316,0,0.75,,,,,,,,,
421,-100.01,1,23793,-428.4452845000675,0,0.73,,,,,,,,,
422,-182.9232536410462,21,23814,-428.64286863814704,0,0.73,,,,,,,,,
423,1293.8799452143958,154,23968,-420.52008918128166,5,0.77,,,,,,,,,
424,78.783042338018,23,23991,-419.18654120376385,0,0.77,,,,,,,,,
425,141.3067677068347,27,24018,-420.1877275681312,0,0.76,,,,,,,,,
426,-159.4136695361239,60,24078,-426.1473655917894,1,0.76,,,,,,,,,
427,103.13472095751546,123,24201,-424.25942934819204,0,0.76,,,,,,,,,
428,-228.9939296024965,14,24215,-426.1935081860345,0,0.76,,,,,,,,,
429,-99.9708568132518,2,24217,-424.7109785381015,0,0.76,,,,,,,,,
430,-245.36829215290356,23,24240,-435.38325532909187,0,0.73,,,,,,,,,
431,-79.79234097132264,16,24256,-438.96142745192543,0,0.73,,,,,,,,,
432,516.1497308594539,48,24304,-434.1758704576581,3,0.76,,,,,,,,,
433,-26.87746508589892,32,24336,-433.4445451085171,1,0.77,,,,,,,,,
434,668.84424040513,27,24363,-421.54029398788794,3,0.8,,,,,,,,,
435,211.35515801554857,30,24393,-427.7198534909879,0,0.78,,,,,,,,,
436,228.73807249847277,51,24444,-428.8445134207907,2,0.79,,,,,,,,,
437,-100.01,1,24445,-428.84451342079075,0,0.79,,,,,,,,,
438,385.6596358550092,45,24490,-426.22531099657556,3,0.81,,,,,,,,,
439,-238.4673154284764,20,24510,-430.36626807049913,0,0.81,,,,,,,,,
440,-329.8378370403854,25,24535,-433.83506921944996,0,0.81,,,,,,,,,
441,530.9863510150689,91,24626,-428.8492749509949,3,0.84,,,,,,,,,
442,124.17214547074862,35,24661,-425.8112005745531,2,0.86,,,,,,,,,
443,369.3301629450613,73,24734,-419.6582058067651,1,0.87,,,,,,,,,
444,-57.593940757109976,15,24749,-419.26686360666395,0,0.86,,,,,,,,,
445,336.4412221996108,35,24784,-414.9023513846678,0,0.86,,,,,,,,,
446,-77.927430561473,21,24805,-415.2753194802985,1,0.86,,,,,,,,,
447,1414.7005328926546,78,24883,-400.1716373867145,3,0.89,,,,,,,,,
448,-83.85289194934319,36,24919,-399.64872793896006,1,0.9,,,,,,,,,
449,-273.55750994020514,22,24941,-401.42713937637217,0,0.9,,,,,,,,,
450,-99.9709695296199,2,24943,-401.65794852509543,0,0.9,,,,,,,,,
451,-263.01392439404793,25,24968,-405.4678052333176,0,0.87,,,,,,,,,
452,582.1505997518956,58,25026,-396.44899928932585,2,0.89,,,,,,,,,
453,-3.5331857715827795,23,25049,-394.34433192655274,1,0.9,,,,,,,,,
454,348.24820405611763,48,25097,-394.93548146325594,2,0.91,,,,,,,,,
455,-100.01,1,25098,-398.10121946779776,0,0.9,,,,,,,,,
456,-99.9689878296769,2,25100,-398.56729639521683,0,0.89,,,,,,,,,
457,150.5936590935603,41,25141,-394.9294052226805,1,0.9,,,,,,,,,
458,-100.01,1,25142,-402.67861053490486,0,0.89,,,,,,,,,
459,-26.90137740181838,20,25162,-400.5232876428044,0,0.89,,,,,,,,,
460,-100.01,1,25163,-403.23752635957595,0,0.87,,,,,,,,,
461,-20.634652968853104,21,25184,-204.02668525749917,0,0.87,,,,,,,,,
462,654.363724665154,110,25294,-200.35492572380306,2,0.89,,,,,,,,,
463,-253.11844422712846,16,25310,-209.4799900284647,0,0.88,,,,,,,,,
464,769.3224315746835,76,25386,-201.39637812100398,3,0.9,,,,,,,,,
465,31.76689686818206,45,25431,-196.12323787322478,0,0.9,,,,,,,,,
466,-261.2613430776157,24,25455,-198.02669759236346,0,0.89,,,,,,,,,
467,-135.45988735141225,29,25484,-199.89454259189708,1,0.89,,,,,,,,,
468,210.85894705977353,46,25530,-195.42112569583324,2,0.91,,,,,,,,,
469,552.4354608306611,107,25637,-190.22295753199728,2,0.93,,,,,,,,,
470,-99.96815875570708,2,25639,-190.48394024441623,0,0.93,,,,,,,,,
471,532.1001126485877,38,25677,-177.4245288692201,2,0.94,,,,,,,,,
472,-821.6832037106385,111,25788,-183.57266693545466,0,0.94,,,,,,,,,
473,-100.01,1,25789,-185.7353532633666,0,0.92,,,,,,,,,
474,493.30117060180396,43,25832,-175.01739082463976,3,0.95,,,,,,,,,
475,-80.87921959879729,25,25857,-175.45168890159218,1,0.95,,,,,,,,,
476,-99.96957784274477,2,25859,-30.282238965275273,0,0.86,,,,,,,,,
477,339.3181405677915,39,25898,-27.67688798297755,1,0.87,,,,,,,,,
478,-43.6023320039265,34,25932,-29.975028335431972,0,0.86,,,,,,,,,
479,-83.54940846096724,17,25949,-28.49622316324364,1,0.87,,,,,,,,,
480,-100.01,1,25950,-33.33541788073675,0,0.85,,,,,,,,,
481,76.89220726038259,30,25980,-31.263855406296642,0,0.85,,,,,,,,,
482,-267.2169783092857,16,25996,-32.93592518938949,0,0.85,,,,,,,,,
483,-296.85511266208687,32,26028,-34.14757665545335,0,0.85,,,,,,,,,
484,-78.23159912744848,24,26052,-40.54926872548301,0,0.83,,,,,,,,,
485,-89.95203953067698,11,26063,-41.25830419002694,0,0.82,,,,,,,,,
486,-12.374600030828844,45,26108,-42.460782587233595,0,0.8,,,,,,,,,
487,-100.01,1,26109,-48.263182798989384,0,0.79,,,,,,,,,
488,-250.94823298925536,18,26127,-48.4058561925923,0,0.79,,,,,,,,,
489,1076.9569639072138,86,26213,-38.47568137179342,3,0.82,,,,,,,,,
490,285.54279528219956,88,26301,-35.889541754637456,3,0.85,,,,,,,,,
491,-100.01,1,26302,-39.1828139033887,0,0.83,,,,,,,,,
492,80.33898816423631,29,26331,-37.379324021746356,1,0.84,,,,,,,,,
493,-100.01,1,26332,-37.24858390809735,0,0.84,,,,,,,,,
494,-100.01,1,26333,-38.43966494334523,0,0.83,,,,,,,,,
495,-100.01,1,26334,-50.196825286453915,0,0.8,,,,,,,,,
496,332.3431880130756,50,26384,-44.32670270377997,1,0.81,,,,,,,,,
497,-258.7612984160444,23,26407,-52.26349352610912,0,0.78,,,,,,,,,
498,-18829.330233725974,2000,28407,-243.68537767533883,1,0.77,,,,,,,,,
499,706.413457098533,53,28460,-234.0863301666898,3,0.8,,,,,,,,,
500,-43.6023320039265,34,28494,-96.79800287102086,0,0.8,,,,,,,,,
501,-23.05302554966201,36,28530,-96.02843312651748,0,0.8,,,,,,,,,
502,960.6051643943097,68,28598,-85.7992340107752,4,0.84,,,,,,,,,
503,294.8791703212983,35,28633,-89.0461499913828,2,0.85,,,,,,,,,
504,284.09371535360106,40,28673,-85.49583034705489,1,0.86,,,,,,,,,
505,90.42347976969835,129,28802,-87.3954763997081,3,0.87,,,,,,,,,
506,-42.956964037954585,39,28841,-87.40647894735906,0,0.86,,,,,,,,,
507,460.98205132886596,32,28873,-87.41330377276554,2,0.87,,,,,,,,,
508,-53.01204894062629,30,28903,-90.142938187607,0,0.87,,,,,,,,,
509,-46.423008720495396,23,28926,-99.2995156336576,0,0.83,,,,,,,,,
510,-156.93093314555264,10,28936,-98.38767659968327,0,0.83,,,,,,,,,
511,-17.438458167908195,25,28961,-98.86109936228759,0,0.83,,,,,,,,,
512,73.35690157363995,23,28984,-99.25073636850544,0,0.82,,,,,,,,,
513,-578.193490760764,86,29070,-102.39871902535756,0,0.82,,,,,,,,,
514,-86.54989742556776,29,29099,-109.35212727748403,0,0.8,,,,,,,,,
515,-254.45324257830157,24,29123,-111.90550642831164,0,0.79,,,,,,,,,
516,-249.0279477735292,24,29147,-111.9834817344773,0,0.79,,,,,,,,,
517,-224.60738537120017,30,29177,-116.82575883401555,0,0.78,,,,,,,,,
518,-207.4063137084014,15,29192,-117.89972197109955,0,0.78,,,,,,,,,
519,159.06699537641492,49,29241,-120.02458592638827,2,0.79,,,,,,,,,
520,-90.38303458934236,9,29250,-118.86083430034206,0,0.79,,,,,,,,,
521,-241.1790150286377,15,29265,-120.27252445062841,0,0.79,,,,,,,,,
522,357.96651613669525,70,29335,-114.86362675285099,1,0.8,,,,,,,,,
523,413.20666404748636,68,29403,-123.6703595645201,1,0.76,,,,,,,,,
524,789.393409509554,61,29464,-116.56425589280478,2,0.78,,,,,,,,,
525,79.54941498982326,33,29497,-117.18182941997483,0,0.78,,,,,,,,,
526,-238.5482412014684,23,29520,-117.9731751366283,0,0.77,,,,,,,,,
527,-53.39905571779087,15,29535,-119.53851290338137,0,0.77,,,,,,,,,
528,535.2197095281731,53,29588,-111.89637651207468,1,0.78,,,,,,,,,
529,-383.91938275752375,19,29607,-114.7358617715174,0,0.78,,,,,,,,,
530,131.18920360293617,33,29640,-110.97028681395899,0,0.78,,,,,,,,,
531,-73.55187469181453,31,29671,-110.90788215116392,0,0.78,,,,,,,,,
532,427.91379605349766,358,30029,-111.79024149922348,3,0.78,,,,,,,,,
533,-15.58653252906582,40,30069,-111.67733217365516,0,0.77,,,,,,,,,
534,-0.4320475553976024,30,30099,-118.37009505326041,0,0.74,,,,,,,,,
535,-100.01,1,30100,-121.48374663341592,0,0.74,,,,,,,,,
536,121.69643215719366,14,30114,-122.55416303682868,1,0.73,,,,,,,,,
537,-100.01,1,30115,-122.55416303682873,0,0.73,,,,,,,,,
538,-100.01,1,30116,-127.41085939537878,0,0.7,,,,,,,,,
539,-267.2887084137527,29,30145,-127.69907332523157,0,0.7,,,,,,,,,
540,-41.994253142684116,27,30172,-124.82063748625454,1,0.71,,,,,,,,,
541,482.6244102449896,122,30294,-125.30425689395535,1,0.69,,,,,,,,,
542,-100.01,1,30295,-127.54607834866283,0,0.67,,,,,,,,,
543,-149.94121832332206,31,30326,-132.73879216134668,0,0.66,,,,,,,,,
544,2.742746879416785,45,30371,-132.1354252849814,0,0.66,,,,,,,,,
545,-23.15442255543543,32,30403,-135.73138173253184,1,0.67,,,,,,,,,
546,312.67473588456386,56,30459,-131.8253600680715,1,0.67,,,,,,,,,
547,987.8128469771136,77,30536,-136.09423692722692,3,0.67,,,,,,,,,
548,-100.01,1,30537,-136.2558080077335,0,0.66,,,,,,,,,
549,95.99051385709087,24,30561,-132.5603277697605,0,0.66,,,,,,,,,
550,-100.01,1,30562,-132.56071807446432,0,0.66,,,,,,,,,
551,-100.01,1,30563,-130.93067883052382,0,0.66,,,,,,,,,
552,308.24569463674084,46,30609,-133.66972788167539,1,0.65,,,,,,,,,
553,24.864108539267093,19,30628,-133.3857549385669,1,0.65,,,,,,,,,
554,-100.01,1,30629,-137.86833697912806,0,0.63,,,,,,,,,
555,281.5594910843178,44,30673,-134.05264206828488,1,0.64,,,,,,,,,
556,220.2206080270089,30,30703,-130.85074610971802,1,0.65,,,,,,,,,
557,926.5924499804769,77,30780,-123.09075820084881,2,0.66,,,,,,,,,
558,-318.32507967341417,18,30798,-125.27390899758296,0,0.66,,,,,,,,,
559,-100.01,1,30799,-126.0049952235648,0,0.66,,,,,,,,,
560,-100.01,1,30800,-126.00499522356478,0,0.66,,,,,,,,,
561,680.8350952474324,96,30896,-118.99029774140196,1,0.67,,,,,,,,,
562,-100.01,1,30897,-126.53403498805348,0,0.65,,,,,,,,,
563,-126.9867355786331,30,30927,-125.27271790156856,0,0.65,,,,,,,,,
564,-100.01,1,30928,-133.96604221731536,0,0.62,,,,,,,,,
565,175.05820255340836,17,30945,-132.53312916046312,1,0.63,,,,,,,,,
566,112.63408509217773,19,30964,-128.79417487876518,1,0.64,,,,,,,,,
567,235.53174281677485,41,31005,-125.0842585770833,1,0.64,,,,,,,,,
568,721.2595252708859,30,31035,-119.9802527949722,3,0.65,,,,,,,,,
569,-8.403364498139155,21,31056,-125.58864104826017,0,0.63,,,,,,,,,
570,-100.01,1,31057,-125.58905946070313,0,0.63,,,,,,,,,
571,-61.947789510434006,24,31081,-131.52953848229333,1,0.62,,,,,,,,,
572,-129.70833612064612,5,31086,-124.6097898063934,0,0.62,,,,,,,,,
573,-235.96574873285658,12,31098,-125.96934729372195,0,0.62,,,,,,,,,
574,529.5363340994392,53,31151,-125.60699565874557,2,0.61,,,,,,,,,
575,-75.69222107967195,9,31160,-125.55512567355431,0,0.6,,,,,,,,,
576,453.6705859092024,51,31211,-120.01872403603485,2,0.62,,,,,,,,,
577,-103.21099526494669,87,31298,-124.44401539436222,1,0.62,,,,,,,,,
578,-251.5471647783811,13,31311,-126.52346372210678,0,0.62,,,,,,,,,
579,-9.122926424649947,22,31333,-125.77919890174363,1,0.62,,,,,,,,,
580,16.354108539267074,16,31349,-124.61555781635096,1,0.63,,,,,,,,,
581,-128.8253579628848,5,31354,-126.67273346858364,0,0.63,,,,,,,,,
582,234.22431060345946,26,31380,-121.65832057945617,1,0.64,,,,,,,,,
583,75.313995995192,17,31397,-117.93662949288337,1,0.65,,,,,,,,,
584,1696.5634913341376,137,31534,-100.18867858826752,5,0.7,,,,,,,,,
585,-100.01,1,31535,-100.28925819296073,0,0.7,,,,,,,,,
586,-100.01,1,31536,-101.16561219265246,0,0.7,,,,,,,,,
587,-100.01,1,31537,-101.16561219265242,0,0.7,,,,,,,,,
588,442.1113912237887,47,31584,-94.23501595052203,3,0.73,,,,,,,,,
589,-100.01,1,31585,-106.00468558959413,0,0.7,,,,,,,,,
590,-65.14623481780924,40,31625,-109.51157589059422,0,0.67,,,,,,,,,
591,-182.78666253459835,26,31651,-110.33934251594017,0,0.67,,,,,,,,,
592,834.0030040357121,55,31706,-102.80270235722543,4,0.7,,,,,,,,,
593,-278.1660906593275,23,31729,-104.5842632638187,0,0.7,,,,,,,,,
594,161.1447907192105,38,31767,-101.97271535662661,1,0.71,,,,,,,,,
595,-100.01,1,31768,-101.97271535662661,0,0.71,,,,,,,,,
596,-63.96453352219482,13,31781,-105.93579257197929,0,0.7,,,,,,,,,
597,-100.01,1,31782,-104.34827958781887,0,0.7,,,,,,,,,
598,1119.434936486894,105,31887,95.13937211430977,3,0.72,,,,,,,,,
599,-155.78198629463623,9,31896,86.51741768037807,0,0.69,,,,,,,,,
600,-144.24632710035183,4,31900,85.51097772941381,0,0.69,,,,,,,,,
601,-104.37963950673091,9,31909,84.69771158984311,0,0.69,,,,,,,,,
602,54.189711703935856,25,31934,75.6335570629394,1,0.66,,,,,,,,,
603,-59.457278446027864,61,31995,72.09019257526614,3,0.67,,,,,,,,,
604,-17.76322112072259,26,32021,69.07162321052289,1,0.67,,,,,,,,,
605,-73.18092103381747,23,32044,67.43557920248774,0,0.64,,,,,,,,,
606,-79.84066052181618,15,32059,67.06674223764911,1,0.65,,,,,,,,,
607,-237.2290645122024,19,32078,60.08463107923844,0,0.63,,,,,,,,,
608,146.8428245525115,33,32111,62.08317981416982,1,0.64,,,,,,,,,
609,-244.84521682701705,16,32127,60.098957733104605,0,0.64,,,,,,,,,
610,429.38876088161965,32,32159,65.96215467337633,2,0.66,,,,,,,,,
611,-100.01,1,32160,65.13643925505541,0,0.66,,,,,,,,,
612,560.3427091996269,43,32203,70.00629733131527,3,0.69,,,,,,,,,
613,-33.878698477645045,32,32235,75.44944525414645,1,0.7,,,,,,,,,
614,769.2345118410066,91,32326,84.00728934681221,2,0.72,,,,,,,,,
615,-92.41803787670304,7,32333,85.6276413938282,0,0.72,,,,,,,,,
616,-75.68777782008402,14,32347,87.36104309336264,0,0.72,,,,,,,,,
617,-114.79528253074061,2,32349,88.45916412176726,0,0.72,,,,,,,,,
618,-100.01,1,32350,89.53312725885127,0,0.72,,,,,,,,,
619,-100.01,1,32351,86.94235730508711,0,0.7,,,,,,,,,
620,1182.3558476942183,161,32512,99.66974612792272,8,0.78,,,,,,,,,
621,-99.96815875570708,2,32514,101.08185469065202,0,0.78,,,,,,,,,
622,-100.01,1,32515,96.50208952928506,0,0.77,,,,,,,,,
623,-100.01,1,32516,91.3699228888102,0,0.76,,,,,,,,,
624,473.7813240808549,99,32615,88.21380203452321,1,0.75,,,,,,,,,
625,335.8351050340968,54,32669,90.77665893496597,1,0.76,,,,,,,,,
626,274.404143044542,59,32728,95.90618277742605,1,0.77,,,,,,,,,
627,69.46462742873696,26,32754,97.13481960889133,0,0.77,,,,,,,,,
628,-100.01,1,32755,90.78252251360958,0,0.76,,,,,,,,,
629,-87.88589656215052,36,32791,93.7428573755633,1,0.77,,,,,,,,,
630,-233.30247452167754,54,32845,90.0979405943172,2,0.79,,,,,,,,,
631,-725.2968002184696,51,32896,83.58049133905062,0,0.79,,,,,,,,,
632,72.70430707355776,28,32924,80.02839644925125,2,0.78,,,,,,,,,
633,1566.0550791585706,389,33313,95.8448125661276,8,0.86,,,,,,,,,
634,-19.636696009120968,27,33340,95.65276608159036,0,0.86,,,,,,,,,
635,629.9492898199381,107,33447,102.95235897978975,1,0.87,,,,,,,,,
636,-216.94301821779482,11,33458,99.56596447603988,0,0.86,,,,,,,,,
637,150.91788554636645,33,33491,102.07524333150356,1,0.87,,,,,,,,,
638,-114.79409311436373,2,33493,101.92740240035991,0,0.87,,,,,,,,,
639,-100.01,1,33494,103.60018948449743,0,0.87,,,,,,,,,
640,651.1026292973119,44,33538,110.53115830889739,2,0.88,,,,,,,,,
641,-100.01,1,33539,104.70481420644748,0,0.87,,,,,,,,,
642,-238.34147634479757,32,33571,103.3214994429995,0,0.87,,,,,,,,,
643,804.2920228850164,74,33645,112.86383185508288,4,0.91,,,,,,,,,
644,760.4043179305005,53,33698,120.44044756559373,4,0.95,,,,,,,,,
645,175.05820255340836,17,33715,122.42257381668217,1,0.95,,,,,,,,,
646,-6.071864794117445,43,33758,119.23510780989537,0,0.94,,,,,,,,,
647,296.9646975720554,31,33789,112.32662631584479,1,0.92,,,,,,,,,
648,425.17757974930055,64,33853,117.5785021133378,1,0.93,,,,,,,,,
649,-100.01,1,33854,115.61849697476687,0,0.93,,,,,,,,,
650,-99.85359601034098,3,33857,115.62006101466348,0,0.93,,,,,,,,,
651,802.2405945615972,68,33925,124.64256696027944,3,0.96,,,,,,,,,
652,-212.69206921749543,9,33934,119.43318932173706,0,0.95,,,,,,,,,
653,533.0282216113914,72,34006,124.51483045245831,2,0.96,,,,,,,,,
654,171.20985175996134,22,34028,127.22702897005794,1,0.97,,,,,,,,,
655,-253.2104521237418,19,34047,121.87932953797734,0,0.96,,,,,,,,,
656,-97.94653701892737,5,34052,118.69765808751798,0,0.95,,,,,,,,,
657,151.69342468605635,38,34090,110.94866783457375,0,0.93,,,,,,,,,
658,-100.01,1,34091,113.13181863130791,0,0.93,,,,,,,,,
659,686.8577021483635,56,34147,121.00049565279153,3,0.96,,,,,,,,,
660,-100.01,1,34148,121.00049565279154,0,0.96,,,,,,,,,
661,357.35093666666467,66,34214,117.76565406698384,1,0.96,,,,,,,,,
662,-86.04360022177552,30,34244,117.90531806476609,1,0.97,,,,,,,,,
663,209.14396720562553,9,34253,121.26662509260868,1,0.98,,,,,,,,,
664,-274.4175478993682,29,34282,119.52254961361501,0,0.98,,,,,,,,,
665,-99.97009115756241,2,34284,116.77226667650531,0,0.97,,,,,,,,,
666,130.34174642816168,46,34330,116.94934328986514,0,0.96,,,,,,,,,
667,-92.9260716602318,8,34338,113.66476514509507,0,0.95,,,,,,,,,
668,-15518.04368085618,1547,35885,-48.7282669161756,0,0.92,,,,,,,,,
669,462.9417869927247,31,35916,-44.01481540126698,2,0.94,,,,,,,,,
670,-100.01,1,35917,-44.01481540126696,0,0.94,,,,,,,,,
671,0.9793098348711737,32,35949,-43.38554440781391,0,0.93,,,,,,,,,
672,-656.3005975593162,59,36008,-48.65146702220059,0,0.93,,,,,,,,,
673,69.46462742873696,26,36034,-45.597163260584686,0,0.93,,,,,,,,,
674,-292.15437074764014,36,36070,-53.81407030905546,0,0.91,,,,,,,,,
675,592.9984980294684,119,36189,-47.127163117964045,4,0.95,,,,,,,,,
676,-100.01,1,36190,-52.66396897705606,0,0.93,,,,,,,,,
677,-39.49838232876312,16,36206,-52.02684284769423,1,0.93,,,,,,,,,
678,-100.01,1,36207,-50.51147119991042,0,0.93,,,,,,,,,
679,-100.01,1,36208,-51.42034193566393,0,0.92,,,,,,,,,
680,-234.34372442083554,24,36232,-53.92732026526493,0,0.91,,,,,,,,,
681,-264.643018747792,25,36257,-55.285496873114035,0,0.91,,,,,,,,,
682,281.31115413544586,30,36287,-54.814628437794156,1,0.91,,,,,,,,,
683,-92.9260716602318,8,36295,-56.497029114348415,0,0.9,,,,,,,,,
684,-71.42854261412283,32,36327,-74.176949453831,0,0.85,,,,,,,,,
685,-100.01,1,36328,-74.17694945383103,0,0.85,,,,,,,,,
686,-100.01,1,36329,-74.17694945383101,0,0.85,,,,,,,,,
687,-58.71710167981005,15,36344,-73.76402047062913,0,0.85,,,,,,,,,
688,-95.06897959300814,22,36366,-79.1358241787971,0,0.82,,,,,,,,,
689,-110.7610155253446,38,36404,-79.24333433405054,0,0.82,,,,,,,,,
690,-100.01,1,36405,-79.59197198587243,0,0.82,,,,,,,,,
691,145.93128800916162,20,36425,-76.30479248043484,2,0.84,,,,,,,,,
692,-100.01,1,36426,-85.64492252079195,0,0.8,,,,,,,,,
693,-250.94823298925536,18,36444,-85.37274394409125,0,0.8,,,,,,,,,
694,74.54359451253696,13,36457,-86.23875590615796,1,0.8,,,,,,,,,
695,284.9969372084111,109,36566,-82.38868653407388,3,0.83,,,,,,,,,
696,351.67975749345413,67,36633,-78.23224362391734,1,0.84,,,,,,,,,
697,157.9080810775278,30,36663,-75.65306281314207,1,0.85,,,,,,,,,
698,172.80127670936935,54,36717,-85.11939941091732,1,0.83,,,,,,,,,
699,-199.92419014636778,19,36736,-85.56082144943464,0,0.83,,,,,,,,,
700,-156.91621567629323,11,36747,-85.68752033519405,0,0.83,,,,,,,,,
701,-31.45204197461392,29,36776,-84.9582443598729,0,0.83,,,,,,,,,
702,-100.01,1,36777,-86.50024147691225,0,0.82,,,,,,,,,
703,693.2048725299398,49,36826,-78.97361996715256,3,0.82,,,,,,,,,
704,-114.79460716602318,2,36828,-79.94393382760559,0,0.81,,,,,,,,,
705,-229.58678825572161,17,36845,-81.50799249982465,0,0.81,,,,,,,,,
706,-99.97092341639919,2,36847,-81.70929512877048,0,0.8,,,,,,,,,
707,-100.01,1,36848,-80.33710448364843,0,0.8,,,,,,,,,
708,-141.45385340862504,7,36855,-83.22007126325981,0,0.79,,,,,,,,,
709,81.12450777468563,64,36919,-79.9603740172428,0,0.79,,,,,,,,,
710,294.11267660726423,120,37039,-81.31313485998633,1,0.78,,,,,,,,,
711,-100.01,1,37040,-81.31313485998632,0,0.78,,,,,,,,,
712,-103.52798084315233,52,37092,-87.95184176041414,0,0.75,,,,,,,,,
713,-99.85433230017702,3,37095,-88.61159809863946,0,0.74,,,,,,,,,
714,2306.730521463747,212,37307,-73.23663800241205,6,0.78,,,,,,,,,
715,-19857.845891702218,2000,39307,-270.8909165406672,0,0.78,,,,,,,,,
716,-100.01,1,39308,-271.13413876246636,0,0.78,,,,,,,,,
717,-100.01,1,39309,-270.9862859371589,0,0.78,,,,,,,,,
718,-100.01,1,39310,-270.9862859371589,0,0.78,,,,,,,,,
719,-99.68424023768159,3,39313,-270.98302833953574,0,0.78,,,,,,,,,
720,-242.48350392112673,20,39333,-285.23142185568923,0,0.7,,,,,,,,,
721,8.842187901039352,14,39347,-284.14331838912176,1,0.71,,,,,,,,,
722,-50.26470012405218,28,39375,-283.6458653903623,1,0.72,,,,,,,,,
723,-99.85433230017702,3,39378,-283.64430871336407,0,0.72,,,,,,,,,
724,338.4657182828453,67,39445,-284.99746477134414,1,0.72,,,,,,,,,
725,-100.01,1,39446,-289.3559158216851,0,0.71,,,,,,,,,
726,303.80057716679784,58,39504,-289.06195148046254,2,0.72,,,,,,,,,
727,1000.3558038576177,89,39593,-279.7530397161737,4,0.76,,,,,,,,,
728,237.3028039272004,75,39668,-276.3799116769017,1,0.77,,,,,,,,,
729,1240.6694183403636,475,40143,-263.09435852787664,9,0.85,,,,,,,,,
730,-100.01,1,40144,-261.7614337826598,0,0.83,,,,,,,,,
731,352.36971170393605,37,40181,-250.98476866343574,3,0.86,,,,,,,,,
732,53.40113574129127,36,40217,-251.17780037675843,2,0.86,,,,,,,,,
733,827.167585574031,130,40347,-258.5666753126038,2,0.8,,,,,,,,,
734,1022.9931615588202,53,40400,-248.14037673692437,4,0.84,,,,,,,,,
735,42.025985152632,19,40419,-254.01960978359742,1,0.84,,,,,,,,,
736,-100.01,1,40420,-252.85027960141946,0,0.84,,,,,,,,,
737,-244.55386071069017,24,40444,-256.8049970639901,0,0.83,,,,,,,,,
738,89.09958646672733,35,40479,-254.76606026817916,0,0.83,,,,,,,,,
739,2460.335817148253,263,40742,-229.16260209669656,6,0.89,,,,,,,,,
740,-114.69127109956865,3,40745,-236.8205411006654,0,0.87,,,,,,,,,
741,301.22048031230554,74,40819,-232.80823629754235,1,0.88,,,,,,,,,
742,102.13198515871575,51,40870,-229.40350168250725,1,0.89,,,,,,,,,
743,-100.01,1,40871,-238.44652191135737,0,0.85,,,,,,,,,
744,-100.01,1,40872,-247.05066509066236,0,0.81,,,,,,,,,
745,723.4227468794156,57,40929,-241.56701964740233,3,0.83,,,,,,,,,
746,-17.10666253459847,23,40952,-241.67736762480712,0,0.83,,,,,,,,,
747,-262.8418005954245,23,40975,-247.27543260648193,0,0.82,,,,,,,,,
748,191.92201756245208,54,41029,-249.60798822835045,1,0.82,,,,,,,,,
749,-107.59651252849923,28,41057,-249.6838533536355,0,0.82,,,,,,,,,
750,-99.96883152979294,2,41059,-249.68500570882995,0,0.82,,,,,,,,,
751,811.3088157586998,94,41153,-249.59432349685892,2,0.81,,,,,,,,,
752,-10.79271169956128,25,41178,-247.57532992167955,1,0.82,,,,,,,,,
753,355.4919858724939,49,41227,-249.35069227906857,2,0.82,,,,,,,,,
754,-242.56402309590572,20,41247,-253.48843102762723,0,0.81,,,,,,,,,
755,84.66563459510549,27,41274,-250.10967016043875,2,0.83,,,,,,,,,
756,-18.214768020502618,36,41310,-249.3123524704545,1,0.84,,,,,,,,,
757,57.7869713751288,29,41339,-250.2514170035638,0,0.84,,,,,,,,,
758,-100.01,1,41340,-250.25141700356377,0,0.84,,,,,,,,,
759,1718.2716004283025,105,41445,-239.93727802076438,7,0.88,,,,,,,,,
760,-38.504954716191236,20,41465,-239.32222756792626,0,0.88,,,,,,,,,
761,65.28236829481916,25,41490,-242.24291325164475,0,0.87,,,,,,,,,
762,379.9559750029442,37,41527,-237.58291749939755,2,0.88,,,,,,,,,
763,-100.01,1,41528,-240.67445717145384,0,0.87,,,,,,,,,
764,5393.3512347060905,1812,43340,-183.99676934539923,14,1.01,,,,,,,,,
765,-100.01,1,43341,-183.99716843382362,0,1.01,,,,,,,,,
766,-307.50453411356256,87,43428,-188.37563123924082,0,1.01,,,,,,,,,
767,-100.01,1,43429,-188.44647052263852,0,1.01,,,,,,,,,
768,93.33845812150203,36,43465,-32.33264913286169,0,1.01,,,,,,,,,
769,-157.48525650811723,18,43483,-38.5369195678701,0,0.99,,,,,,,,,
770,-45.51311139136531,33,43516,-37.99195068178376,1,1.0,,,,,,,,,
771,882.869152034703,111,43627,-29.173052259785454,3,1.03,,,,,,,,,
772,-99.97092341639919,2,43629,-23.609755518356284,0,1.03,,,,,,,,,
773,-100.01,1,43630,-25.304501792643645,0,1.03,,,,,,,,,
774,-100.01,1,43631,-23.38305808516725,0,1.03,,,,,,,,,
775,145.8830954363031,29,43660,-27.85421211109893,0,0.99,,,,,,,,,
776,284.83446254826174,37,43697,-24.005767485616293,1,1.0,,,,,,,,,
777,-48.58380389207912,37,43734,-24.096621701249454,0,0.99,,,,,,,,,
778,-83.73621513339552,9,43743,-23.93388385258339,0,0.99,,,,,,,,,
779,-339.85249137953696,58,43801,-26.332308766378784,0,0.99,,,,,,,,,
780,354.2122480368226,62,43863,-20.446749041802182,2,1.01,,,,,,,,,
781,-337.21282270363434,43,43906,-21.172447081360616,0,1.01,,,,,,,,,
782,-846.8220704663344,155,44061,-32.453779327378385,3,1.03,,,,,,,,,
783,-104.37963950673091,9,44070,-32.568315005843374,0,1.03,,,,,,,,,
784,-100.01,1,44071,-32.85412957970213,0,1.03,,,,,,,,,
785,880.858516884686,121,44192,-23.045444410855296,2,1.05,,,,,,,,,
786,-100.01,1,44193,-23.04544441085527,0,1.05,,,,,,,,,
787,412.33340648303295,42,44235,-18.334939329226867,2,1.07,,,,,,,,,
788,-212.7225140010605,20,44255,-19.511474673307372,0,1.07,,,,,,,,,
789,-63.43568985701316,28,44283,-19.038221416624072,1,1.08,,,,,,,,,
790,477.9921880795845,91,44374,-13.258199535828211,2,1.1,,,,,,,,,
791,625.5394019299689,122,44496,-8.462118396620111,1,1.09,,,,,,,,,
792,-100.01,1,44497,-8.462118396620118,0,1.09,,,,,,,,,
793,-96.93405324329844,6,44503,-6.921976599160541,0,1.09,,,,,,,,,
794,-48.756479189685905,19,44522,-8.154977336182773,0,1.08,,,,,,,,,
795,-281.44683409129823,24,44546,-13.819415049179856,0,1.05,,,,,,,,,
796,-100.01,1,44547,-18.336312624114424,0,1.04,,,,,,,,,
797,-228.43972849218943,24,44571,-22.19979071981157,0,1.03,,,,,,,,,
798,-100.01,1,44572,-24.927903486905265,0,1.02,,,,,,,,,
799,333.18288052415335,76,44648,-19.59683278020004,1,1.03,,,,,,,,,
800,-100.01,1,44649,-19.027770623437135,0,1.03,,,,,,,,,
801,-172.21986651391097,47,44696,-20.43544886883009,0,1.03,,,,,,,,,
802,1476.914175406328,214,44910,-4.666207114766808,4,1.07,,,,,,,,,
803,-213.16350716587007,96,45006,-13.729890911724903,1,1.05,,,,,,,,,
804,-34.48973515351864,27,45033,-12.926842191599874,0,1.05,,,,,,,,,
805,-237.79111416465543,27,45060,-13.008885450689212,0,1.05,,,,,,,,,
806,-100.01,1,45061,-13.009276216525231,0,1.05,,,,,,,,,
807,-100.01,1,45062,-13.009276216525256,0,1.05,,,,,,,,,
808,-188.806858740194,23,45085,-13.482806269840962,0,1.05,,,,,,,,,
809,-100.01,1,45086,-15.294151347587816,0,1.05,,,,,,,,,
810,1790.3367540000816,191,45277,-0.33191057365965887,6,1.1,,,,,,,,,
811,958.5135577585554,58,45335,10.253325003925914,6,1.16,,,,,,,,,
812,-298.976858740194,17,45352,8.298836224955487,0,1.16,,,,,,,,,
813,318.2931059281999,33,45385,12.480310607239263,1,1.17,,,,,,,,,
814,75.34241819589884,24,45409,-9.83357042543924,1,1.12,,,,,,,,,
815,41.45374762236291,33,45442,189.15942596780653,1,1.13,,,,,,,,,
816,-100.01,1,45443,189.15942596780653,0,1.13,,,,,,,,,
817,422.9977290083906,43,45486,194.38950325789045,3,1.16,,,,,,,,,
818,5.487178831095392,37,45523,195.4444750462014,1,1.17,,,,,,,,,
819,611.6365615781925,130,45653,202.55768306436022,2,1.19,,,,,,,,,
820,-179.44721611005826,32,45685,203.1880459424709,0,1.19,,,,,,,,,
821,-247.43879911112253,21,45706,200.62523607234928,0,1.18,,,,,,,,,
822,-100.01,1,45707,200.12778307358977,0,1.17,,,,,,,,,
823,5825.008488764936,1608,47315,259.3764112842409,14,1.31,,,,,,,,,
824,-100.01,1,47316,254.99165410141245,0,1.3,,,,,,,,,
825,85.12456647723262,23,47339,256.8429997661848,0,1.3,,,,,,,,,
826,-287.9091505500343,19,47358,250.92590248901644,0,1.28,,,,,,,,,
827,-43.877221373447114,27,47385,240.4835722367058,1,1.25,,,,,,,,,
828,2340.78668848771,192,47577,261.5184110823109,6,1.3,,,,,,,,,
829,624.1634820406465,44,47621,255.35335171931374,2,1.23,,,,,,,,,
830,-110.92129418029018,7,47628,255.2442387775108,0,1.23,,,,,,,,,
831,54.28470579276332,22,47650,252.2633887183991,0,1.2,,,,,,,,,
832,-207.4063137084014,15,47665,249.65531422390217,0,1.18,,,,,,,,,
833,-61.761510131050805,18,47683,240.76602326685133,1,1.17,,,,,,,,,
834,372.99642068269964,35,47718,234.2660558580901,3,1.16,,,,,,,,,
835,-100.01,1,47719,232.8456960065638,0,1.15,,,,,,,,,
836,643.9389664442539,26,47745,240.28518567100633,4,1.19,,,,,,,,,
837,41.85297348192232,65,47810,243.14925401293246,0,1.19,,,,,,,,,
838,-58.590029859379435,84,47894,241.6723578496714,0,1.19,,,,,,,,,
839,-318.32507967341417,18,47912,213.8857488814547,0,1.13,,,,,,,,,
840,-100.01,1,47913,214.03256159245043,0,1.13,,,,,,,,,
841,362.5059892858554,34,47947,214.6454166821859,3,1.15,,,,,,,,,
842,-100.01,1,47948,212.6239968305988,0,1.14,,,,,,,,,
843,-24.470964182749142,33,47981,213.3793871887713,1,1.15,,,,,,,,,
844,568.7082380663979,79,48060,220.06656956943527,0,1.15,,,,,,,,,
845,-100.01,1,48061,211.8322421006411,0,1.12,,,,,,,,,
846,-100.01,1,48062,211.00320872598712,0,1.12,,,,,,,,,
847,487.92436601602435,38,48100,218.5108703921016,2,1.14,,,,,,,,,
848,-100.01,1,48101,215.59155021647712,0,1.13,,,,,,,,,
849,-250.75873085699993,23,48124,214.15992803319207,0,1.13,,,,,,,,,
850,-297.0713219632554,18,48142,212.18890312885745,0,1.13,,,,,,,,,
851,-100.01,1,48143,203.07571497127046,0,1.11,,,,,,,,,
852,157.47503128957868,30,48173,204.75839240116184,0,1.1,,,,,,,,,
853,444.1896730184577,47,48220,205.64536927262142,2,1.1,,,,,,,,,
854,583.8334546744561,64,48284,213.90934405032505,2,1.12,,,,,,,,,
855,-74.00199022141275,36,48320,212.32266780215988,1,1.11,,,,,,,,,
856,-837.3938527525073,63,48383,204.1308769548399,0,1.1,,,,,,,,,
857,-100.01,1,48384,202.55290724108858,0,1.1,,,,,,,,,
858,201.09631013475683,68,48452,205.5639703424362,1,1.11,,,,,,,,,
859,-136.20114272775476,20,48472,187.0192429108756,1,1.05,,,,,,,,,
860,-133.09063361414968,23,48495,186.073386121896,0,1.05,,,,,,,,,
861,-114.79468104927933,2,48497,184.272615628455,0,1.05,,,,,,,,,
862,-264.76372457454926,20,48517,177.82541863268008,0,1.03,,,,,,,,,
863,-19896.354494446787,2000,50517,-20.138026311787797,0,1.03,,,,,,,,,
864,-3.4300891250997836,34,50551,-74.10583955009973,0,0.89,,,,,,,,,
865,1062.3327021320545,92,50643,-62.48241252877918,3,0.92,,,,,,,,,
866,-606.6542360664491,84,50727,-65.47390954830801,0,0.92,,,,,,,,,
867,45.78923446398504,42,50769,-64.01591720366817,1,0.93,,,,,,,,,
868,177.66784488379642,38,50807,-63.17262333604523,1,0.94,,,,,,,,,
869,26.057440421247378,58,50865,-61.337196366751584,1,0.95,,,,,,,,,
870,-100.01,1,50866,-61.88216525283794,0,0.94,,,,,,,,,
871,143.28493762044263,75,50941,-69.27800739698054,2,0.93,,,,,,,,,
872,-193.4738039086737,8,50949,-70.21303620190326,0,0.93,,,,,,,,,
873,-208.55694839337053,12,50961,-71.29850568583699,0,0.93,,,,,,,,,
874,-100.01,1,50962,-71.29850568583699,0,0.93,,,,,,,,,
875,200.381750920809,28,50990,-70.75351913099193,1,0.94,,,,,,,,,
876,511.22515431703005,78,51068,-68.48961221330424,2,0.95,,,,,,,,,
877,-61.970209123740545,42,51110,-68.62347626562085,0,0.95,,,,,,,,,
878,-200.25241286382249,62,51172,-69.78863824292513,0,0.95,,,,,,,,,
879,59.06705868914473,34,51206,-65.79944274223831,0,0.95,,,,,,,,,
880,-187.3335039211267,20,51226,-71.21490026181782,0,0.93,,,,,,,,,
881,-243.6334762440419,45,51271,-70.2791067972219,0,0.93,,,,,,,,,
882,-285.84967966617916,23,51294,-64.66938288922033,0,0.9,,,,,,,,,
883,1646.969666297334,282,51576,-47.1558898311797,4,0.94,,,,,,,,,
884,-234.60517679280508,34,51610,-48.50184159910776,0,0.94,,,,,,,,,
885,577.2250674124526,57,51667,-51.538176093830096,3,0.95,,,,,,,,,
886,-57.37589146073293,13,51680,-51.11183500843742,0,0.95,,,,,,,,,
887,-325.50863981149666,20,51700,-58.49025547138272,0,0.93,,,,,,,,,
888,210.8039178470408,73,51773,-54.2549911529017,1,0.94,,,,,,,,,
889,569.6003693950435,38,51811,-47.924630560381146,2,0.95,,,,,,,,,
890,-14979.331710150953,2000,53811,-202.4978695426865,4,0.97,,,,,,,,,
891,-100.01,1,53812,-209.7533635619862,0,0.96,,,,,,,,,
892,-100.01,1,53813,-209.75336356198616,0,0.96,,,,,,,,,
893,-100.01,1,53814,-209.78412302955314,0,0.96,,,,,,,,,
894,333.19741127152116,62,53876,-205.96458412494104,2,0.98,,,,,,,,,
895,234.97511298891817,66,53942,-200.80036465413895,2,1.0,,,,,,,,,
896,-99.97009115756241,2,53944,-200.7999655657146,0,1.0,,,,,,,,,
897,-125.71651004223587,7,53951,-199.77273338121503,0,1.0,,,,,,,,,
898,-100.01,1,53952,-199.77273338121503,0,1.0,,,,,,,,,
899,62.018029709618006,54,54006,-202.48438188936038,1,1.0,,,,,,,,,
900,366.02897729101124,28,54034,-197.82399211645026,1,1.01,,,,,,,,,
901,360.9149483164888,104,54138,-192.4926439681463,1,1.02,,,,,,,,,
902,546.1626396484254,139,54277,-201.80015932572533,1,0.99,,,,,,,,,
903,-74.8526753705318,427,54704,-200.41705100777196,6,1.04,,,,,,,,,
904,-102.85964566783827,29,54733,-201.10075011291516,0,1.04,,,,,,,,,
905,-100.01,1,54734,-199.72293897126855,0,1.04,,,,,,,,,
906,199.2613597321112,93,54827,-196.73022537394746,1,1.05,,,,,,,,,
907,-12099.05830040111,1631,56458,-316.7207083779586,3,1.08,,,,,,,,,
908,-54.56129508777653,22,56480,-315.3782527414344,1,1.09,,,,,,,,,
909,-24.957673957159543,17,56497,-314.62772948100604,0,1.09,,,,,,,,,
910,168.1568665839651,22,56519,-330.8495283551672,1,1.04,,,,,,,,,
911,373.15837989871613,41,56560,-336.70308013376547,1,0.99,,,,,,,,,
912,-48.277346648145645,27,56587,-334.196085012845,1,1.0,,,,,,,,,
913,116.61264573633433,66,56653,-336.2128896147637,1,1.0,,,,,,,,,
914,-295.5729044888018,17,56670,-339.9220428416107,0,0.99,,,,,,,,,
915,257.3343780501479,31,56701,-337.76323653733294,2,1.0,,,,,,,,,
916,-100.01,1,56702,-337.76323653733294,0,1.0,,,,,,,,,
917,1078.9177983652287,143,56845,-331.2040358437646,3,1.0,,,,,,,,,
918,-100.01,1,56846,-332.25900763207557,0,0.99,,,,,,,,,
919,-100.20219305425402,29,56875,-339.37739517840004,0,0.97,,,,,,,,,
920,-92.92708296787018,8,56883,-338.51219384697816,0,0.97,,,,,,,,,
921,209.42067599868432,57,56940,-333.9435990958801,1,0.98,,,,,,,,,
922,-272.63537693301396,41,56981,-335.6698528652102,0,0.98,,,,,,,,,
923,-632.5572598269054,93,57074,-400.2455103511286,0,0.84,,,,,,,,,
924,-100.01,1,57075,-400.24551035112853,0,0.84,,,,,,,,,
925,-100.01,1,57076,-402.0968560159009,0,0.84,,,,,,,,,
926,-119.78315182728534,25,57101,-400.41559602867346,0,0.84,,,,,,,,,
927,-100.01,1,57102,-400.9769238149389,0,0.83,,,,,,,,,
928,-274.161191994653,16,57118,-427.1264026197626,0,0.77,,,,,,,,,
929,76.08625133084585,32,57150,-432.6071749268605,1,0.76,,,,,,,,,
930,-571.8916491494435,40,57190,-437.2168784765521,0,0.76,,,,,,,,,
931,-325.50863981149666,20,57210,-441.0148119325946,0,0.76,,,,,,,,,
932,45.37894621759453,28,57238,-438.48695933333465,0,0.76,,,,,,,,,
933,-234.34372442083554,24,57262,-440.21278147623246,0,0.75,,,,,,,,,
934,-45.02487672531851,32,57294,-444.39299445031264,1,0.73,,,,,,,,,
935,-229.58678825572161,17,57311,-445.6887623328698,0,0.73,,,,,,,,,
936,-135.64298336206377,42,57353,-453.484581830933,0,0.69,,,,,,,,,
937,642.7321263624855,93,57446,-447.47579030212745,1,0.7,,,,,,,,,
938,-100.01,1,57447,-447.8899900035336,0,0.7,,,,,,,,,
939,417.69195533378,37,57484,-440.5298196534617,3,0.73,,,,,,,,,
940,2542.7631379106183,172,57656,-414.10208827435554,10,0.83,,,,,,,,,
941,-605.1557347940105,71,57727,-423.7787055151541,0,0.8,,,,,,,,,
942,-100.01,1,57728,-423.7787055151541,0,0.8,,,,,,,,,
943,172.13631992202698,45,57773,-421.81263267410634,1,0.8,,,,,,,,,
944,-174.29184530497594,57,57830,-429.24263350782013,2,0.82,,,,,,,,,
945,-99.85424885908326,3,57833,-429.2410759964109,0,0.82,,,,,,,,,
946,996.8411259642651,93,57926,-418.27256473676823,2,0.84,,,,,,,,,
947,-100.01,1,57927,-424.1519083969285,0,0.82,,,,,,,,,
948,-277.94738314705694,19,57946,-425.9312822283991,0,0.82,,,,,,,,,
949,1655.0643574435787,198,58144,-406.87305134539326,4,0.86,,,,,,,,,
950,-114.79493464176718,2,58146,-405.0502874721784,0,0.86,,,,,,,,,
951,-294.65147414053763,12,58158,-406.99670221358383,0,0.86,,,,,,,,,
952,742.2878087389391,57,58215,-401.14857443909017,3,0.89,,,,,,,,,
953,-290.60250162162265,23,58238,-408.49649618549097,0,0.87,,,,,,,,,
954,-294.1708575192209,14,58252,-417.27653930742775,0,0.85,,,,,,,,,
955,352.72482149701136,62,58314,-413.0092711902436,3,0.87,,,,,,,,,
956,-100.01,1,58315,-405.63543266271853,0,0.87,,,,,,,,,
957,358.9741861587688,55,58370,-401.0455908011309,3,0.9,,,,,,,,,
958,189.35445291693998,88,58458,-401.16300937330897,0,0.89,,,,,,,,,
959,-33.24126331553646,40,58498,-400.1334105791869,1,0.89,,,,,,,,,
960,289.71390466169976,37,58535,-395.9053651964283,0,0.89,,,,,,,,,
961,862.4364848756535,82,58617,-386.133053537179,3,0.92,,,,,,,,,
962,-284.4563237933742,21,58638,-386.3299795293673,0,0.92,,,,,,,,,
963,1148.9624992685044,77,58715,-175.87680959221433,2,0.94,,,,,,,,,
964,1822.7136871000691,177,58892,-157.61537182996264,4,0.98,,,,,,,,,
965,-676.794221279286,60,58952,-175.00664106407606,0,0.95,,,,,,,,,
966,1055.2906618593672,156,59108,-158.3871920848179,2,0.97,,,,,,,,,
967,1303.2001697588773,118,59226,-145.813082731869,7,1.03,,,,,,,,,
968,4690.733709644631,1010,60236,-100.68242408426063,16,1.18,,,,,,,,,
969,-100.01,1,60237,-101.9430984884731,0,1.17,,,,,,,,,
970,-100.01,1,60238,-101.94309848847311,0,1.17,,,,,,,,,
971,-837.3938527525073,63,60301,-111.74988639220263,0,1.15,,,,,,,,,
972,-100.01,1,60302,-110.81524835311588,0,1.15,,,,,,,,,
973,-100.01,1,60303,-109.72977886918217,0,1.15,,,,,,,,,
974,-100.01,1,60304,-109.7297788691822,0,1.15,,,,,,,,,
975,-237.99905399829402,39,60343,-114.11358691837324,1,1.15,,,,,,,,,
976,-100.01,1,60344,-120.22593846154352,0,1.13,,,,,,,,,
977,-92.69016265027952,9,60353,-120.53313799680893,0,1.13,,,,,,,,,
978,414.28874892706597,42,60395,-114.38772637890004,1,1.14,,,,,,,,,
979,-100.01,1,60396,-115.97849696579152,0,1.14,,,,,,,,,
980,1164.6568843317073,175,60571,-102.45859308326317,1,1.15,,,,,,,,,
981,-390.39989370622635,30,60601,-103.92625725788498,0,1.15,,,,,,,,,
982,-100.01,1,60602,-102.06786046122323,0,1.15,,,,,,,,,
983,-240.7344379447536,13,60615,-120.9449015036441,0,1.11,,,,,,,,,
984,287.1695010838897,68,60683,-115.72715472487717,1,1.12,,,,,,,,,
985,-100.01,1,60684,-122.49950539900168,0,1.09,,,,,,,,,
986,195.99263563155523,58,60742,-119.96582012807878,3,1.12,,,,,,,,,
987,-296.24389506510266,39,60781,-119.67317268061487,0,1.12,,,,,,,,,
988,2275.537368823803,171,60952,-99.02583817084724,6,1.17,,,,,,,,,
989,-18588.766401818233,2000,62952,-290.60950588298,2,1.17,,,,,,,,,
990,-47.70481285697362,28,62980,-141.29323691004018,1,1.14,,,,,,,,,
991,-100.01,1,62981,-141.2932369100402,0,1.14,,,,,,,,,
992,-100.01,1,62982,-141.29323691004018,0,1.14,,,,,,,,,
993,263.8696768513263,79,63061,-137.65444014152692,1,1.15,,,,,,,,,
994,-100.01,1,63062,-141.98651425424217,0,1.13,,,,,,,,,
995,-101.35518074332957,24,63086,-145.34981719156463,0,1.11,,,,,,,,,
996,-100.01,1,63087,-145.350216279989,0,1.11,,,,,,,,,
997,-10.370137265438075,42,63129,-144.196752552221,1,1.12,,,,,,,,,
998,-100.01,1,63130,-144.19675255222103,0,1.12,,,,,,,,,
999,226.7997370018163,24,63154,-142.54893547929902,1,1.12,,,,,,,,,
1000,233.28178491995965,69,63223,-143.87640740300955,1,1.12,,,,,,,,,
